{
    "epoch": 9.491525423728813,
    "eval_loss": 1.0527993440628052,
    "eval_runtime": 0.8491,
    "eval_samples_per_second": 31.8,
    "eval_steps_per_second": 16.489,
    "total_flos": 4807278293155840.0,
    "train_loss": 1.0834001387868608,
    "train_runtime": 255.9118,
    "train_samples_per_second": 9.222,
    "train_steps_per_second": 0.547
}