{
    "epoch": 9.491525423728813,
    "total_flos": 4807278293155840.0,
    "train_loss": 1.0834001387868608,
    "train_runtime": 255.9118,
    "train_samples_per_second": 9.222,
    "train_steps_per_second": 0.547
}