{
    "epoch": 9.830508474576272,
    "eval_loss": 1.125386118888855,
    "eval_runtime": 1.6036,
    "eval_samples_per_second": 16.837,
    "eval_steps_per_second": 16.837
}